Check,Result,Notes
Repository identity finalized,Pass,"Project name, repository name, and version are consistent."
Public GitHub files present,Pass,"License, contribution, security, support, issue templates, and workflow are present."
Prompt libraries complete,Pass,All 16 core prompt files are present.
Shared standards complete,Pass,Shared standards and schemas are present.
Configuration examples complete,Pass,16 configuration profiles are present.
Example packets complete,Pass,"Unity game, web application, and shared library examples are present."
Validation suite passes,Pass,tools/run-all-checks.py reports passed.
Release manifests generated,Pass,package and release manifests are present.
No unauthorized release or deployment claims,Pass,Safety boundaries remain documented.
Ready for public repository publication,Pass,Publication checklist remains for maintainer review.
