path,category,bytes,sha256
.editorconfig,root,212,85bccbd23a9070becfe1dc0dbb9ad7305fb2bb98f92f54cb9856d7d6eca4ebfe
.gitattributes,root,127,6d82220ed6ae10cef6b627c99dbd67ec5cb1daa6268af272ff2982f9fe99ef32
.github/CODEOWNERS,.github,43,67ffef992f3677974b482e3eb3c6dcbedbbe84981bcd7489ddd30d33e4593a4f
.github/ISSUE_TEMPLATE/bug_report.md,.github,683,b820758891770b31413856f5ac0cd1dbf88b400504945e20b74a4c596f4a560c
.github/ISSUE_TEMPLATE/config.yml,.github,214,cef1deb8d321b10aa65bd491f7c860028712f35445699abf27c044a1e33af5c8
.github/ISSUE_TEMPLATE/configuration_profile_request.md,.github,455,7e30896c9a1e6aeeb41f34277163800b81ab5f5f1e4016e20a7a4693388710eb
.github/ISSUE_TEMPLATE/documentation_issue.md,.github,360,ea842fd3dc0296d1e3163bd0502da44f2b51e908087de15126d515ab66357b16
.github/ISSUE_TEMPLATE/feature_request.md,.github,585,de2f99f0aa4c5fb2a9b606352482a1f5e4a5b954da45cd537c0c0aad76434202
.github/ISSUE_TEMPLATE/prompt_quality_report.md,.github,550,ccb9048af471f7c411225f541f2e3e414e634c5e1ca070f2ac4c66e1e9c8d16f
.github/ISSUE_TEMPLATE/question.md,.github,253,53768adf1e99e373e5d9f4aad2ec2092c2e1b8427731a5295098ce34c5bc58d4
.github/PULL_REQUEST_TEMPLATE.md,.github,534,604aeb3429a6035905194d53d11b8e47a133fd296210941efcbad3ae22516d7e
.github/dependabot.yml,.github,119,8912c495e7a2514170ad43170ceda3e1c0a48402c92bd096215c4b6ec6a31a03
.github/labeler.yml,.github,530,e075381117fb3419632975b153afa3d076b5446f182851b9c241736fa24c6c87
.github/labels.yaml,.github,330,6d7e5b120f662aba5871d450f942eddecd0fb4ccdb07333c1df15d4d0d25f534
.github/workflows/validate.yml,.github,835,4f9ab034c05cd409456addd25f56d177fc879cbfea6e23adc409d474353c2e47
.gitignore,root,293,4b7493fd3acdb7f88d3a4441af9bcf8b1dd30649febcd8c954de316a818d3811
ADOPTERS.md,root,670,237785275d7e3679566bbb536520bae75bd87d91fb8ec8a866fdc827f23ced55
CHANGELOG.md,root,3528,f5f3b2f0334d68cd14417c177ceb72de4cb59e428dcd2a29f11da42bef4b1f84
CITATION.cff,root,721,23456b782bdaea2134b35c238b796f0373560f6f60ca39cf2bb59f131f804762
CODE_OF_CONDUCT.md,root,805,6701e2cef0b01be62ca707ec764fa15a5cd1622635c2fe6a4307c99fb0a3f57b
CONTRIBUTING.md,root,1702,9e56046c1f0529eddac4d455c01fbb41b992d680d572e7f6d79716564156c676
FINAL-PACKAGE-NOTES.md,root,1489,bdeda9a0dbcdd9c6ac6053193e2d69d3e427f4e0a36e81000a8910f139ad55c2
GOVERNANCE.md,root,695,0c06bf05adafd0ec955bd5b74fc2c2506399cc2ccc0c369a480858d8be7c8f4a
LICENSE,root,1077,043470387ace3fb4397e17d97f18fd750731848437806b06b62a60893fd1df35
MAINTAINERS.md,root,776,d20927f97449590bb91723186674e78229c3cd39182bd20908ef86ab68377222
MANIFEST.md,root,5432,7ee83bbfbfd276b8871ffdc5d95ae7c7e0c853b2386c8f77fbe8a5fc91057792
NOTICE.md,root,451,af4a256e9297b950889b4aeb80951767ebefdbc8d886e968d3c5098890aa37bc
PACKAGE-BUILD-STATUS.md,root,1201,d24ccfe311e8d08157f0e31fa20879b4f31aee8f4e9911730f907166c2fa1ed0
PUBLICATION-CHECKLIST.md,root,1865,c8f593b148b4fc2ac7fce10035973d19b954e52b32aa34873889df7aae59f3ba
Pipeline-Configuration-Guide.md,root,3480,25a188bfeaf8efa7f78c7adb252ff7395dffcbdc1bcd7770ea9164b2e59cb80f
Pipeline-Controller-Prompt.md,root,3471,ea95979cf7947b63424ce71ca7e1f40ab7445e42182366886419b7bd690cf743
Pipeline-Overview.md,root,2262,cfc5b3803873a2f6d42d11d79e1d967c716c3b105b22548932b57b67e5eff792
README.md,root,8382,c433111c858dd45b5ea848a57104d7141aea96acbd11e15f0cb2dae09a7dbb1a
RELEASE.md,root,3316,db9647512d1a5261670ff5c7fdf9ccb1a2d84f47f31e269df57611a2fa2ccec0
ROADMAP.md,root,1432,e73ab5b20aea01635a553df64af8d4a01b421e065cf34dcfa7c628f32c6e8af5
SECURITY.md,root,1147,dad7a61a914bb2952f793c4c4923793fd5c0cc1909ff72ada04e5e5c2620a25a
SUPPORT.md,root,695,5c064d0ed04a254c9b9408316a5288c7f5d13f365dc99db436257079a4d71a71
VERSION,root,6,59854984853104df5c353e2f681a15fc7924742f9a2e468c29af248dce45ce03
configuration-examples/README.md,configuration-examples,2304,210bbc4f4ada906befdb1b819afa48e1845b3ea4fc82e01336115c3ebd0773c2
configuration-examples/configuration-index.yaml,configuration-examples,1214,411c00b1a1ed2940c04252c3174d9525fbd2a9f7d10aa901e67fa7cfc998e761
configuration-examples/profile-family-roadmap.yaml,configuration-examples,3465,176b13da2d3d50abff1feba984ed299add9966832c3d33ed0964beca77f010d2
configuration-examples/stage-1-default.configuration.yaml,configuration-examples,9914,f8edaf55bd91be717a22746e146399caeb4253c11ff595451f5833d51e8c07c3
configuration-examples/stage-1-shared-library.configuration.yaml,configuration-examples,15096,a7a16a413363e433a25267005a970c513b5a77d57d8a9bec8086e1b94702316e
configuration-examples/stage-1-unity-game.configuration.yaml,configuration-examples,12204,b376215d0d185a2f1354cfa15f70bfd7b31e4aa34ff9a09873ae0a91efffdaab
configuration-examples/stage-1-web-application.configuration.yaml,configuration-examples,17919,a5eefb90b2ac79bee7fbb9a3583689a37fb47211e924edac925829879cfc66b4
configuration-examples/stage-2-default.configuration.yaml,configuration-examples,9530,f911cf957ba3f7fb0eaf426fa2dc6f9d1ec1b25aee10c94de08f28935c9287e1
configuration-examples/stage-2-shared-library.configuration.yaml,configuration-examples,14571,fedf8c66dc234356c6595688e4f020defe51185b1f9dc3432f2dfdeb1068e723
configuration-examples/stage-2-unity-game.configuration.yaml,configuration-examples,12174,2ca7f780c02c55d790c09e6742c34e99a1f529a8a1388033e4aaa32d5e72d07e
configuration-examples/stage-2-web-application.configuration.yaml,configuration-examples,15754,fa620640a38dd945170b96feec8dfaaec0afb3352c67b68e20c46398d5ba1ac7
configuration-examples/stage-3-default.configuration.yaml,configuration-examples,9839,744571d56351bcc468e46741d3cc2ebb36fb3d8c15aa7dd6beed3b54ad715139
configuration-examples/stage-3-shared-library.configuration.yaml,configuration-examples,14887,a3d965d8bed5d13a7875c1604597fbc8b7341a824eab6889205bc49709390b5a
configuration-examples/stage-3-unity-game.configuration.yaml,configuration-examples,12308,65e4ed3a8edaf1359fcad68db194eae3a10d6d23b9ad7892fc89a32b1403f297
configuration-examples/stage-3-web-application.configuration.yaml,configuration-examples,15771,c0292af9fa6a4d7ea888c8cbf065b3d5c737a90ca0c6a85050b2c0d7fed8b57b
configuration-examples/stage-4-default.configuration.yaml,configuration-examples,10499,2a08835f3069a571fece12e0ee642c5823c10d3a9ca98bc246f1e818c323de63
configuration-examples/stage-4-shared-library.configuration.yaml,configuration-examples,16160,8cb1361a6d45d6ce3ff44ae6f6111880d726cea3080b4509ce15bf33bbe39cd3
configuration-examples/stage-4-unity-game.configuration.yaml,configuration-examples,12912,abda6b4bf7b1102e56a871192a7f95d0d0d82f7094b5cd28d6b73140023b681c
configuration-examples/stage-4-web-application.configuration.yaml,configuration-examples,16271,6b68018ce3f61d48e89c3bb81010227fb3e910a150fc2ad114e8016cee698351
docs/Artifact-Handoff-Guide.md,docs,2433,2425df432fabc294eecb4bf5b4e411c78a53385dc005bb01c67752edac61e911
docs/Artifact-Lifecycle.md,docs,3375,c8d7db5c7bd16d467dd4657eec51cd4fbcd68018f44ff4621fe08fc964ff60be
docs/Batch-Build-Process.md,docs,2436,a4eb1324bfd970ab00dcf0e991d1b051bde9b57b770e567789c8d13642310e97
docs/Complete-Miniature-Examples.md,docs,2368,f3da9b794ef90306f15b905a5f5288f5c3a6c8650e327602e8e37bb3b8a03f63
docs/Complete-Miniature-Run-Guide.md,docs,3084,416ef7f4e28c26660513b974109d90d6814a12344968d96a49e5fc928f9e030b
docs/Complete-Miniature-Runs.md,docs,2131,5ee89403a81ebff22c4a7208317cb49f257b9ffd766b666ed90edd94218dc63c
docs/Configuration-Inventory.md,docs,1316,a74fdee647636e29223bded1ba4993e7af30ccb7c5b0440c65709c25fa7c845e
docs/Configuration-Profile-Selection-Guide.md,docs,3209,aaa743492d35a28dda66f83e6d89df40cc456fa2858bfc63573826aface2b85c
docs/Decision-Ledger-Comparison-Guide.md,docs,3077,62e65585d8f14fd2503ab00f42fe2d709cb1762c83b4c29e12cfe9a9cb8c5a3a
docs/Example-Scenario-Guide.md,docs,2868,55ba96fb4aaa0793f35f7097a9372e96c76edd3c46efb89d3d4b099fdbc3b779
docs/Example-Walkthroughs.md,docs,4037,6f16585702c3e2cf58264a914597999127bab6264277df94c6510eb74095af7d
docs/FAQ.md,docs,2427,81bebd8cf8594705031b415116e7e4301f6b9b7ae4b92c4853723790fcdf106d
docs/Final-Publication-Cut.md,docs,215,bfd861655719cfd5d0222187ddc8791df278d1f8fff16cf0c46ead20cb36d187
docs/Final-Release-Checklist.md,docs,1922,220fca464027f8f247999383367f9d2eca37600d76b7a2351cb05c50d607cd04
docs/Final-v1.0.0-Publication-Recut.md,docs,2155,60e223b37b237dff1241e5b05eb46e1c51a179f21f77915036bda174ffc11563
docs/Forking-and-Customization-Guide.md,docs,524,67d2b6756704e61a672fe049eb5017f14276f2a7c08b704634d36cf99e17f414
docs/GitHub-Publishing-Checklist.md,docs,2431,c2a3c27ed1746363be403c475b2e0ec56e74ade73ae58f0c535bd537a640ff10
docs/GitHub-Repository-Administration.md,docs,526,b280a2cf5a0dfed3c330395d2ff242bf189bd1dc5d3b6d0acb841c61eb9a6786
docs/Post-Publish-Smoke-Test.md,docs,1098,1187c1ba8b2f8943c647b71aba41c1ae28fc18bae2c22ca78f335a73d47b93f4
docs/Pre-Publication-Audit.md,docs,308,2a80afd996e08febfa90db5585d4351b6d05cb535e42d78e39b40436966442f2
docs/Profile-Authoring-Guide.md,docs,5637,de71500e1d5afdcecbd3af370230cd9406c23d87b32fa60a0aab5cd112dc9cb1
docs/Profile-Depth-Balance-Report.md,docs,2608,6f5718371d1bd8c385e84c4cf271063d9a15483fb11a4c3d3b7ab0bec0c4cfbf
docs/Profile-Family-Roadmap.md,docs,6104,49a275002ffc697f22c5ff6ad3573c75b5c8be8463ce26e92fd7cd31e4a9aff9
docs/Prompt-Inventory.md,docs,1606,106271b2dbcedf53a080e69c66f2e6cae14d7b66118d02d1b30a3ba9fb2e0ec1
docs/Prompt-Mode-Selection-Guide.md,docs,3042,ffb4dbe20584bfcfe248fdd984f41b1d5b64ad6f6a24a1d03f0c4511e8ac0f1c
docs/Public-Repository-Release-Notes.md,docs,1603,57301ef2b7f077b394d3e586b9092c24509c34850e5c9acd2352894048bde342
docs/Public-Repository-Setup.md,docs,982,c16ea492469af88a890e9b11d3c765e5e74812cd6502260b3cf2d1cef0bf8b8a
docs/Quality-Assurance-Process.md,docs,922,ed7c5710a2e98adecbd57a04a07e37add73aa134e158bd998b96276e21294db9
docs/Quick-Start.md,docs,3622,638d428ea3b84df51ab82325f266df7883b408ce17b41ad7f6a600d998d3e9ff
docs/README.md,docs,2854,25cd5c987fa151dd92f1ae0fbc0077ccb76f746568b672b335285d317c58e047
docs/Release-Process.md,docs,705,6724506a1922c5e7be6c62bf3f693ea1a69fe25336d7e0746fbb5d61de80fc63
docs/Repository-Launch-Guide.md,docs,1441,02fd9ee06547290fda8cd27b127f89709da998e01131b2f43c357a32f84fccc6
docs/Repository-Layout.md,docs,2916,faea595d4a7b785504119f6786f2b452cc7676be3a3713147e63883f09fa4760
docs/Repository-Maintenance.md,docs,390,6cab9e2380f33076a66b09e83017d5649710adad1866db89a7b199924d8f49aa
docs/Repository-Owner-Checklist.md,docs,495,711cabb84dffdba7ef1cd525de3b0583b325e3dbe949c4a7230b3f18f61e53f4
docs/Schema-Configuration-Alignment.md,docs,969,502bbdfafdf8e77efa3315ee75366c4a851eb766e1ed828b8dcab9327aabb88f
docs/Semantic-Validation-Guide.md,docs,3906,090bc238139b338e86542715a879b6d8573a31a93425baa808a934b2805a4b55
docs/Shared-Library-SDK-Profile-Deep-Dive.md,docs,1734,1d27fa77daa1dcfa727df9592867dbbd346f61c4a1f43175587aeec14bbc47b0
docs/Troubleshooting.md,docs,2491,06d401294097f17c1c8df054f8f511b26bb0dcafb225dde8dc1862af289c235f
docs/Usage-Guide.md,docs,4585,0b342e71c6f3cb348d977752dfadd229b8463b4827441b458006290f26947fdc
docs/Validation-Guarantee-Matrix.md,docs,2413,8522946ef6cc38cc395b5036832953c5de9b59b1d8339a838f398327b3dc50b1
docs/Validation-Scope-and-Guarantees.md,docs,4561,d3119b93c8a434286530fe7915e6556c8eac1d8a199750281d2a4f3488554c3b
docs/Validation-Tools.md,docs,5103,04b7f25a6456cfc2e27da786f19575f27f385b42523c0f4ef3ef6debdf80710f
docs/Validator-Implementation-Notes.md,docs,1155,514e112f1615a86b94aa763cc68fe46d96a17dcada31e817f227cf9e07f0584f
docs/Versioning-Policy.md,docs,403,b57f79bc83a3ba453c43e984e489032f0f3860a982b90afdf8735298bb5f2b21
docs/Web-Application-Profile-Deep-Dive.md,docs,1874,87a51831ca431ab96a46a1cea709c2a361675bc6aca5cfd328cf8d135eedddc6
examples/README.md,examples,3165,a71153b8b05ab48acc63867ceead4f2cf09b32ba0f1c1052e0e86c4978112413
examples/minimal-complete-run/README.md,examples,1491,ba7b5b2dd71512af82cbabaf792a415520a619545de37a05ec1359abae7a80f5
examples/minimal-complete-run/todo-web-app/00-source-input/pipeline.configuration.yaml,examples,628,4d22179371978cb3789b41908794ddbf1ee929abe74775c7c4aaa2ab7a81ddcc
examples/minimal-complete-run/todo-web-app/00-source-input/user-input.md,examples,446,ab56daea6a26bce3a881a17f635d80d1e5cea6a2e8cd87e1db903aeb30b035b0
examples/minimal-complete-run/todo-web-app/01-stage-1-design-specification/stage-1-artifact.example.md,examples,7546,19bf0c638d6190cac1cf9f47e7cfd2d0f7292db1b71663d181fbca1324f59c19
examples/minimal-complete-run/todo-web-app/01-stage-1-design-specification/stage-1-decision-ledger.example.csv,examples,1295,e6a913d49d0276e5805b666e65d72757efeed0eb441cf0dc5004ee608269c073
examples/minimal-complete-run/todo-web-app/01-stage-1-design-specification/stage-1-traceability-matrix.example.csv,examples,479,3048153bd3120353cd85d95adef89ee37585bb522359adff624a8a96e01ca7a7
examples/minimal-complete-run/todo-web-app/02-stage-2-execution-planning/stage-2-artifact.example.md,examples,5274,883330ec3e6166cfaaa8e27d895f9e372e13ea5dee113017acc408141b35fe80
examples/minimal-complete-run/todo-web-app/02-stage-2-execution-planning/stage-2-decision-ledger.example.csv,examples,852,f09d7d3e85b49f178a3216fb311f76da5b5176c246d6fa71d8e2700fd81c9c94
examples/minimal-complete-run/todo-web-app/02-stage-2-execution-planning/stage-2-traceability-matrix.example.csv,examples,584,0b95c73a1ce4d30aa45b9282309b0f3fa892c8b9c7d6a4693f8182f903a1bffa
examples/minimal-complete-run/todo-web-app/02-stage-2-execution-planning/stage-2-work-package-registry.example.json,examples,978,57337ba5dbd47da2bc4a3b15a6d0d99f5d0069d3a937aa7982ec917acc9672c9
examples/minimal-complete-run/todo-web-app/02-stage-2-execution-planning/work-package-registry.example.json,examples,1012,0b07eb10bed7140a4488a885dca35019b7f9e95dde83096197dda912af796a92
examples/minimal-complete-run/todo-web-app/03-stage-3-fabrication/fabricated-artifact-manifest.example.json,examples,689,37309804c49e7b3ab4846b983148ecee2eb5abb70282350dc610b0207a3e9fc2
examples/minimal-complete-run/todo-web-app/03-stage-3-fabrication/fabricated-files/README.generated.md,examples,481,7ce47fe43f08acec2b7f365df63a3f93d86d353892fee3233e7d08d5ffefd334
examples/minimal-complete-run/todo-web-app/03-stage-3-fabrication/fabricated-files/index.html,examples,297,0600dbccfab390af6f5e119aee75ee4a4dbae409c4b984cec65fbc679547e7b9
examples/minimal-complete-run/todo-web-app/03-stage-3-fabrication/fabricated-files/package.json,examples,523,8121ad2839bca72e4d1da562f784d4c5c75c53cdead151bca4851c325c5a3159
examples/minimal-complete-run/todo-web-app/03-stage-3-fabrication/fabricated-files/src/App.css,examples,1485,b748e2d0ee46bb54f9e341ad72e72f602a1b2d1d20719a779068a439798625cf
examples/minimal-complete-run/todo-web-app/03-stage-3-fabrication/fabricated-files/src/App.test.tsx,examples,444,9ffe71c132754f51930276d2cb87c1c58b3b6a5d1b22c96b89fb8a93946f6286
examples/minimal-complete-run/todo-web-app/03-stage-3-fabrication/fabricated-files/src/App.tsx,examples,2760,3303fc620405f58bf9e7cd97d5de77f30f90b49091bd953c9519c0e514e75abf
examples/minimal-complete-run/todo-web-app/03-stage-3-fabrication/fabricated-files/src/main.tsx,examples,349,560aee7565874e60775956e5220ef29698a89ece47cc58912a82c1c67bee5276
examples/minimal-complete-run/todo-web-app/03-stage-3-fabrication/fabricated-files/src/types.ts,examples,82,c2fd54963ce814150cd9691e2376142b983e085b60195831f428b33f61d61f10
examples/minimal-complete-run/todo-web-app/03-stage-3-fabrication/stage-3-artifact.example.md,examples,3209,51505b5b9ab834ee5fe838005c9efc08bbbd16c0dfc8c2f467b80e148614ed7a
examples/minimal-complete-run/todo-web-app/03-stage-3-fabrication/stage-3-decision-ledger.example.csv,examples,996,67a6552d0ad466d00da2587c491bb5e409be580951fa1a32b7ec1fbe8818229c
examples/minimal-complete-run/todo-web-app/03-stage-3-fabrication/stage-3-fabricated-artifact-manifest.example.json,examples,1142,ef23d93e2cfd94d9063b1b9f5ea33473198c428f8d706a34bdc88625cb7447bd
examples/minimal-complete-run/todo-web-app/03-stage-3-fabrication/stage-3-traceability-matrix.example.csv,examples,501,f72f553c65aaa06bc1c7d840be40e8f912367192e9677ad666b77861112b41b9
examples/minimal-complete-run/todo-web-app/04-stage-4-validation-packaging/final-artifact-manifest.example.json,examples,1008,55b88c5bf99d851df154fc8c50f3a4511d2fc621c9c5d5b3963a19290e9dab03
examples/minimal-complete-run/todo-web-app/04-stage-4-validation-packaging/final-handoff-packet.example.yaml,examples,676,1163e457cfe8b5f35c7886fc21e1235fa88518741eba1897c19df06b50dc7562
examples/minimal-complete-run/todo-web-app/04-stage-4-validation-packaging/final-traceability-matrix.example.csv,examples,532,c02c0da2127e14795e1ff4627b5a2da79bcc2f5bb91b4d03c7ddf4d95a4a937d
examples/minimal-complete-run/todo-web-app/04-stage-4-validation-packaging/repair-log.example.csv,examples,324,bf20972ec9c4caac74f32b4be401d51d575205925c6dc7bb8aacdaea0c5905ab
examples/minimal-complete-run/todo-web-app/04-stage-4-validation-packaging/stage-4-artifact.example.md,examples,3826,1793d6228cc8a931e0e60c5181620b2d8f1e0811ef8d194b1c0e3dc5ca8292dc
examples/minimal-complete-run/todo-web-app/04-stage-4-validation-packaging/stage-4-decision-ledger.example.csv,examples,854,63197c171ab2d69d6d10746c0574fa1dca6dbcd68cb0add7ddef8068d55349bb
examples/minimal-complete-run/todo-web-app/04-stage-4-validation-packaging/validation-checklist.example.md,examples,512,0d24f0ace6725c460af5fc4b4fef665c6f74c63d80f478bb18dc75eb080e67cc
examples/minimal-complete-run/todo-web-app/04-stage-4-validation-packaging/validation-report.example.csv,examples,698,97431b4e4c09e40a06a842981e1c796df5d8c9020954d0e1810bb10635f0113c
examples/minimal-complete-run/todo-web-app/05-side-by-side-review/decision-ledger-comparison-notes.md,examples,587,adeaea51faa5d03af91d8b6041a722163e8df270d85136d00722964607734e62
examples/minimal-complete-run/todo-web-app/05-side-by-side-review/traceability-walkthrough.md,examples,778,c80edd82a8edff05cfc8148bd45723915c02a4ca9ef280eec1967a6e0be9fdfe
examples/minimal-complete-run/todo-web-app/README.md,examples,758,8b43cbe79aca0f39a2896e59dd5c8e5861976eb07677ffc0a2ad72d932b0a60c
examples/minimal-complete-run/unity-button-click-prototype/00-source-input/pipeline.configuration.yaml,examples,638,ede72aea450da32f275c976a8a427566d21e6e72447e29fe4018643c51bee0eb
examples/minimal-complete-run/unity-button-click-prototype/00-source-input/user-input.md,examples,567,8a42c6f0a9c1e50ab70cb73b24567491acd2d84880b24b5a4adde3d3c684f420
examples/minimal-complete-run/unity-button-click-prototype/01-stage-1-design-specification/stage-1-artifact.example.md,examples,4707,ce305d78d3941e47ae9b645226107b4617c23679b647b996ded9c200ec31d463
examples/minimal-complete-run/unity-button-click-prototype/01-stage-1-design-specification/stage-1-decision-ledger.example.csv,examples,1241,c4fb79811afe70893cb30a092c57e4ee97ffe7d09eaf63d837a6e909861b16c5
examples/minimal-complete-run/unity-button-click-prototype/01-stage-1-design-specification/stage-1-traceability-matrix.example.csv,examples,424,08bb4a4bb4baeb29e6023f37d0f7e088912a2fbc9ad9e93327002e7028542b53
examples/minimal-complete-run/unity-button-click-prototype/02-stage-2-execution-planning/stage-2-artifact.example.md,examples,3705,847f6a9b3594e2ce2056e687c2327a85f7ed019f344add694b9ccd91d2803856
examples/minimal-complete-run/unity-button-click-prototype/02-stage-2-execution-planning/stage-2-decision-ledger.example.csv,examples,917,5202bb70d33165747e107deacaa83b6d4767ee7ac2ed8e6b71155db9561dce3b
examples/minimal-complete-run/unity-button-click-prototype/02-stage-2-execution-planning/stage-2-traceability-matrix.example.csv,examples,487,b7fdd00ed2fd41d0c1c96a0cf0a8814258f67936da1ba4d9c8b9faed32d1aba7
examples/minimal-complete-run/unity-button-click-prototype/02-stage-2-execution-planning/stage-2-work-package-registry.example.json,examples,832,b225a57b0eee2ceead521481eacdb7f4cbc6a4a1e0e4ec9c51caaadd8de64027
examples/minimal-complete-run/unity-button-click-prototype/02-stage-2-execution-planning/work-package-registry.example.json,examples,832,9148c0d5d4ca4892e3d4cb95bd2e8fe295f214bc64dd790332b3fb7d8ba9492a
examples/minimal-complete-run/unity-button-click-prototype/03-stage-3-fabrication/fabricated-files/Assets/Tests/EditMode/ButtonClickCounterTests.cs,examples,714,5b33053dc9eb197b94844bf97df2359899d31b5f576a285ca0731781938e88b2
examples/minimal-complete-run/unity-button-click-prototype/03-stage-3-fabrication/fabricated-files/Assets/_Project/Scripts/Runtime/ButtonClickCounter.cs,examples,415,58b92eab4ce3619e15dec658a8edbc65b4b29ab698edf86aad3426e6db70ae92
examples/minimal-complete-run/unity-button-click-prototype/03-stage-3-fabrication/fabricated-files/Assets/_Project/Scripts/UI/ClickButtonPresenter.cs,examples,318,6457588fcb19067f7bc3ea031a6c45717644276b9f535b6d81cfa689c2acedf3
examples/minimal-complete-run/unity-button-click-prototype/03-stage-3-fabrication/fabricated-files/Assets/_Project/UI/USS/ButtonClickDemo.uss,examples,423,e51f222a417b2a94c259163cef224618c641f78e99540d45713358cf84ece13e
examples/minimal-complete-run/unity-button-click-prototype/03-stage-3-fabrication/fabricated-files/Assets/_Project/UI/USS/ClickButtonScreen.uss,examples,423,e51f222a417b2a94c259163cef224618c641f78e99540d45713358cf84ece13e
examples/minimal-complete-run/unity-button-click-prototype/03-stage-3-fabrication/fabricated-files/Assets/_Project/UI/UXML/ButtonClickDemo.uxml,examples,365,06c0a766b062dd6b644d5e52e379f1c022e6b814d97971ea6885abc9610153b6
examples/minimal-complete-run/unity-button-click-prototype/03-stage-3-fabrication/fabricated-files/Assets/_Project/UI/UXML/ClickButtonScreen.uxml,examples,365,06c0a766b062dd6b644d5e52e379f1c022e6b814d97971ea6885abc9610153b6
examples/minimal-complete-run/unity-button-click-prototype/03-stage-3-fabrication/fabricated-files/Docs/UnityEditorValidationChecklist.md,examples,540,4b5b1ef84a5cab455517c8b48888725473c1c5b06f6601c52fb28646b94e11ad
examples/minimal-complete-run/unity-button-click-prototype/03-stage-3-fabrication/fabricated-files/Docs/UnityProjectStructure.md,examples,470,0ab2147b3c3e72a8fc3c9113c0a29984c7adbdb4ab1e89ab422a31dec9260c8a
examples/minimal-complete-run/unity-button-click-prototype/03-stage-3-fabrication/fabricated-files/ExternalToolPackets/ButtonClickDemoSceneCreationPacket.md,examples,565,397ecc31619509aa57068fcfd797b0bb9ff934d8cce1efd13aab6ceb28b6faf4
examples/minimal-complete-run/unity-button-click-prototype/03-stage-3-fabrication/fabricated-files/ExternalToolPackets/UnitySceneCreationPacket.md,examples,565,397ecc31619509aa57068fcfd797b0bb9ff934d8cce1efd13aab6ceb28b6faf4
examples/minimal-complete-run/unity-button-click-prototype/03-stage-3-fabrication/fabricated-files/ExternalValidation/UnityEditorValidationChecklist.md,examples,540,4b5b1ef84a5cab455517c8b48888725473c1c5b06f6601c52fb28646b94e11ad
examples/minimal-complete-run/unity-button-click-prototype/03-stage-3-fabrication/stage-3-artifact.example.md,examples,4808,e9ae9d2b7e245b29218e99bcad6a6f52de1262ba439d4eef642a140ff60a9d65
examples/minimal-complete-run/unity-button-click-prototype/03-stage-3-fabrication/stage-3-decision-ledger.example.csv,examples,988,e92b244843290adc6d25f14663eaf0ddd01e50a560c78bb67fc68bee0d807de9
examples/minimal-complete-run/unity-button-click-prototype/03-stage-3-fabrication/stage-3-fabricated-artifact-manifest.example.json,examples,2585,7586fcbf77f7da73be53ef1c6098dd319a04513a21085fb8fdb35fc7d657a7d9
examples/minimal-complete-run/unity-button-click-prototype/03-stage-3-fabrication/stage-3-traceability-matrix.example.csv,examples,591,4809a2d879fe2c4e086f6cce666ea7b506469cbfd8e4cfe27eae1a7caf0e65d5
examples/minimal-complete-run/unity-button-click-prototype/03-stage-3-fabrication/unity-fabricated-artifact-manifest.example.json,examples,1116,46355fdb6a17d003fc706eea6f0150d6fbf648cc1fb121e53e0d7fe48273cfbc
examples/minimal-complete-run/unity-button-click-prototype/04-stage-4-validation-packaging/final-artifact-manifest.example.json,examples,1942,c651d6cfa2c3d6dcf9895015b3afc13b9bb7ff1706cdc92fefbe6ee7f2b51cfa
examples/minimal-complete-run/unity-button-click-prototype/04-stage-4-validation-packaging/final-handoff-packet.example.yaml,examples,943,0232b2c11912ffa523e4e087f48ceeef96abacaa0380b56815d622efde7ca4c8
examples/minimal-complete-run/unity-button-click-prototype/04-stage-4-validation-packaging/final-traceability-matrix.example.csv,examples,676,dc63e7d1167dc49a105b1b0dc54a7cddf0d12d3def8fe785478fef3b188f1038
examples/minimal-complete-run/unity-button-click-prototype/04-stage-4-validation-packaging/repair-log.example.csv,examples,338,5c24fa9ab09a672f4327be521a529be2e391f33e6223aa7bdaef5ed36ffd12d1
examples/minimal-complete-run/unity-button-click-prototype/04-stage-4-validation-packaging/stage-4-artifact.example.md,examples,4922,d18b895c5d35a8fb9ab7d366429e1ab5babbbb1850bbcc8e82f5e73951ab1246
examples/minimal-complete-run/unity-button-click-prototype/04-stage-4-validation-packaging/stage-4-decision-ledger.example.csv,examples,940,cbd271775637c0e449522b349e3f0157129e949bba6cbdf147c84fa9d392b3bc
examples/minimal-complete-run/unity-button-click-prototype/04-stage-4-validation-packaging/unity-final-artifact-manifest.example.json,examples,630,d9e6a8fdc28716362c0ad21c84c14dedaffce79908387d5126c3f12f0c73c7d6
examples/minimal-complete-run/unity-button-click-prototype/04-stage-4-validation-packaging/unity-final-handoff-packet.example.yaml,examples,1031,08915736fa73cdb022369c819710e30c93362df75d260b0f6031a8226cab0486
examples/minimal-complete-run/unity-button-click-prototype/04-stage-4-validation-packaging/unity-validation-report.example.csv,examples,895,a8d2ad4bc583f1e372b259c4ea0e1746275e4968467a81867363c7be14466139
examples/minimal-complete-run/unity-button-click-prototype/04-stage-4-validation-packaging/validation-report.example.csv,examples,523,32381882c81a26867c0c6c54ae4bccd7c20f28099c3174794715e30506431ac6
examples/minimal-complete-run/unity-button-click-prototype/05-side-by-side-review/decision-ledger-comparison-notes.md,examples,468,207c53823f396148a97cf11c93bbdd3858995e0dc5934d5a6dff1ac5c725683c
examples/minimal-complete-run/unity-button-click-prototype/05-side-by-side-review/traceability-walkthrough.md,examples,786,12a9d49f856c77d7c511fffe99c776d18e5bb3b911575475ba0c41c3ce8f8a4b
examples/minimal-complete-run/unity-button-click-prototype/README.md,examples,764,fba9581d4a833e9b678ae8dad5219664ea589c0dbc44f672c9c756c686946427
examples/shared-library/README.md,examples,2645,b29cf9cc866c8e20e20af957b76b0b87fb466645c5065b52f10422fdafd49697
examples/shared-library/artifact-skeletons/stage-1-artifact-skeleton.md,examples,996,9006b27e7273c56e2e184d270b50fecc018094f1489163a2789aea4d51e1fd24
examples/shared-library/artifact-skeletons/stage-2-artifact-skeleton.md,examples,975,7067f86cb9f26ed7d6ffd9939d59b6a94a7de701a3ad994464107696292dc601
examples/shared-library/artifact-skeletons/stage-3-artifact-skeleton.md,examples,985,59d987f60a7f08876c3270852cc2862b4b078967a766e1900fc4961c5da0d68b
examples/shared-library/artifact-skeletons/stage-4-artifact-skeleton.md,examples,985,03007cfb49f0459f662ab6bf84bf9f53dd11904e924700b9fb9f6cd1382666af
examples/shared-library/checklists/stage-4-validation-checklist.md,examples,1445,08043aa679b2e3e38e4a80be66dada482a7295496b8dec4d2781f7242f3d9c30
examples/shared-library/configuration/pipeline.override.yaml,examples,1017,e261fcf876a90b805260ed9dd43ad755db01fc0a427f2c3c2add5defcd106487
examples/shared-library/configuration-overrides.yaml,examples,730,fe0008bcaf6fa0b052575bdf77a8c2307a07846d4a0d9a450eba137aa38a5564
examples/shared-library/decision-ledger-comparison/sample-decision-ledger.csv,examples,1738,0288863cdb3ec1c666800d4319c4f9e7324251b75b6b3c9e325f8efafbe7892e
examples/shared-library/input/project-brief.md,examples,1266,5b6bd21dbca82cacce0dd33fad8e4c5360a66239c25694abd2e11a481b27b551
examples/shared-library/input/stage-1-context-packet.md,examples,1417,b1e8a7e899dc702998cab4e69ca892ff056fb401e5f359f9a6cb99aae6aca0ba
examples/shared-library/project-brief.md,examples,966,1f09f7ed95256ad4cb3df4d2a5ef8f0faabd3faf64b2ec2493da7bd076fa20db
examples/shared-library/runbook.md,examples,900,298d693fdb42ba38a01a681dc2a265f6891ed4eb087b6d2960fab4f90121c0bf
examples/shared-library/runbooks/01-run-stage-1.md,examples,1425,abd8deb14ecbf584c5485d727a28b10f352a09e5ae34df15252d8cdb5146fb28
examples/shared-library/runbooks/02-run-stage-2.md,examples,1392,015294c3479d1e50a2add24c22de104170275f9ec499abda834f17d5c660848a
examples/shared-library/runbooks/03-run-stage-3.md,examples,1392,6cd7b5d6cecd489caf19a08da77b5a0875d5cc9058b6aee53e293f8d384672d0
examples/shared-library/runbooks/04-run-stage-4.md,examples,1403,5c91f2bd96b60f9a982b3aecc2a77552d709aa0b7d05dbe9048c43666c21dfaf
examples/shared-library/source-context/api-design-notes.md,examples,807,bb766cd39737f16d4bdb0965cb4f3fef65f2e1739b7961ff5cb7592f14fa2bf2
examples/shared-library/stage-1-input.md,examples,992,ab49ff67fdb7b0f6aa37d0ff5a342341250a3337cf8a68ee8dcd720865110af2
examples/shared-library/stage-artifact-stubs/stage-1-artifact.stub.md,examples,1270,0ea796123f7ba3142f6db188bf9e0542af438bf38ede495856bd6c3c03aef30c
examples/shared-library/stage-artifact-stubs/stage-2-artifact.stub.md,examples,1230,95090cc3812dbfeee3c23f4736281e3aaecb918161578675608af7683b4998a8
examples/shared-library/stage-artifact-stubs/stage-3-artifact.stub.md,examples,1245,41e4f0f6123d6da4d7edd54441a5963733b2194f54576323fbeca68805360e60
examples/shared-library/stage-artifact-stubs/stage-4-artifact.stub.md,examples,1401,1ef6bde931b21061d878df002fbaed4630d4e09cec42a5e49bf065d37be22528
examples/shared-library/traceability/sample-traceability-matrix.csv,examples,573,4a5338ede5de7e45258a20089d6d836ac7e095b46a6c1a91091fe0b2a6059d18
examples/unity-game/README.md,examples,2639,0408feab50d7f8017089ce4d2e7277d9ca02d5a546e74ef7b3a88a2df9ac7ce2
examples/unity-game/artifact-skeletons/stage-1-artifact-skeleton.md,examples,1006,cb6713894d49e7f51d1fa43b16c1a3683c194e5b6a1823c0788a2b53401709c9
examples/unity-game/artifact-skeletons/stage-2-artifact-skeleton.md,examples,985,3a74357cb233956254e65feae1b71276bf73fafa0c967e055cf95c1857ea7d77
examples/unity-game/artifact-skeletons/stage-3-artifact-skeleton.md,examples,995,abf5b87ef097257d73198923f9b2fc5b9e6ccc7c3d52dd3cf6b2b4189c83f28c
examples/unity-game/artifact-skeletons/stage-4-artifact-skeleton.md,examples,995,202e894778270b201a3e03728c056cad8c8e6f309343e97177edd3a56c7ea1d7
examples/unity-game/checklists/stage-4-validation-checklist.md,examples,1454,c370d63ff33376877500ea65271318834c7d21e7e9c2ddff6580704196272973
examples/unity-game/configuration/pipeline.override.yaml,examples,1009,e86fa10219057616a95682cb2424efab36587f982c4a470d3307a2e19d26230b
examples/unity-game/configuration-overrides.yaml,examples,1134,a5bd43c1601ff5737675f4ca6f0df24cb2f40e093305b362f04498a9d6313a20
examples/unity-game/decision-ledger-comparison/sample-decision-ledger.csv,examples,1718,92749599bd9fa67d897ebda6b2fd94aa94ab514c537563e2e21b97d535d9543a
examples/unity-game/input/project-brief.md,examples,1284,5034b8439690986ec5a55bb66121ab4b2555a13e7672602e2be7b1c094c38167
examples/unity-game/input/stage-1-context-packet.md,examples,1442,1f7d2207d5ebd8f9bc0c46677b07b275ffa5e75f5a351e6e596ec5e74dad36ea
examples/unity-game/project-brief.md,examples,1186,ef85b90f4e16ff40fd31ec8fc75b92b59c7ae11fa5c16c7cd9e88a46b660961a
examples/unity-game/runbook.md,examples,1648,7fa99b9e8ed819ac3a3bcc40997025d06f0d8313551720473ab49190bbe996f0
examples/unity-game/runbooks/01-run-stage-1.md,examples,1431,6bc6d9f56c339aa2720b2ffd9c566beb1462a2e398b38e503be636385570f9e7
examples/unity-game/runbooks/02-run-stage-2.md,examples,1398,d36e1376e5f38822b974f6474350e98e25106b598cd6cf9b3476fac7a89716d5
examples/unity-game/runbooks/03-run-stage-3.md,examples,1398,5d94fc866703bd2a4ceaca97698c75c29b101024bcb744a1a1d741c9f37d5935
examples/unity-game/runbooks/04-run-stage-4.md,examples,1409,581581bfe2947a49810cc6bdfa167963ad3f012f3e78ed6c1f077490d6856c92
examples/unity-game/source-context/visual-reference-inventory.md,examples,614,91cffd9ba52777cad528a9190ec72324411b5788884f92c3890de7ef4491b01f
examples/unity-game/stage-1-input.md,examples,1920,efd5b2a40288923d800b9adb02e36947235293f3df86a5e3bc6cd4fee4e13e38
examples/unity-game/stage-artifact-stubs/stage-1-artifact.stub.md,examples,1276,c0aa232b49bb793b360d14a4a858404e313c4affac7019a815ad5382b5996102
examples/unity-game/stage-artifact-stubs/stage-2-artifact.stub.md,examples,1236,596e8f6b176f11705d535bf7012c6bcf86884739c603e0b0689b0041b137a4f6
examples/unity-game/stage-artifact-stubs/stage-3-artifact.stub.md,examples,1251,a8ec700aae71c03c225a0f62e3d4a2930fd5e7930737d3d0a1ce20932ab46653
examples/unity-game/stage-artifact-stubs/stage-4-artifact.stub.md,examples,1407,dcd56eb1bccd8806cc736ce5aba3ffe708221bd5c6366b5f56f85a953c015a48
examples/unity-game/traceability/sample-traceability-matrix.csv,examples,563,0690013283bd3b870af2d9e91beff844a998f280aea71d69fec77ee3936de3a9
examples/web-application/README.md,examples,2638,90d3e71b08bf767b21d304547a031e8373e9370026b25cbc0ff8a4af322840fe
examples/web-application/artifact-skeletons/stage-1-artifact-skeleton.md,examples,999,e0b042256785f4657df3dacec49c601f124f583cff8511f19b16faf5b16d399a
examples/web-application/artifact-skeletons/stage-2-artifact-skeleton.md,examples,978,4453b7c8ea463cecc49a5b28a1428dace19fa470e3f21a96501f3ecc2f2c99e9
examples/web-application/artifact-skeletons/stage-3-artifact-skeleton.md,examples,988,e2e96d5a81b144f717d7f660608edf6d07aae8bdf70e09cd5f0c8860eef05abe
examples/web-application/artifact-skeletons/stage-4-artifact-skeleton.md,examples,988,e9ee61f8deb5f57982dac6ba67756540de5c3ca9765af44a9149cdbb671cf6f3
examples/web-application/checklists/stage-4-validation-checklist.md,examples,1434,65235cc97e6bc562b6bb9b42fd56010183a206126192c03e05902a19d9d0cdac
examples/web-application/configuration/pipeline.override.yaml,examples,1018,3d37fcfc9a97d8c60f25f9e44389e7e0d529fab2eca30791d35cdb2a27d0abed
examples/web-application/configuration-overrides.yaml,examples,812,ac7688c3e621127dd3e167cd113bdc4b34b0650eb07a42bfde6c3d5a5491e98c
examples/web-application/decision-ledger-comparison/sample-decision-ledger.csv,examples,1728,12746f2ee6e0f0929b4029311f438a452991245471c0265cacd20751fa84bb57
examples/web-application/input/project-brief.md,examples,1209,49dff8f8e3e72c7bbbc8d2f13a04da7e2368d5d3be0a6691a1e993650b3c1735
examples/web-application/input/stage-1-context-packet.md,examples,1380,7bb45cbb8e325b5afd64a4d092088edeb386fad3a62820b23015c83c03014b7b
examples/web-application/project-brief.md,examples,834,ff8550ff2911887f7af189686491100f6bd9b0886348e48d182d1a441c642289
examples/web-application/runbook.md,examples,1124,bb2917cb7d42c1e442f023080f2ba9dd4478802ee57db3da00baf3ae24d4edb8
examples/web-application/runbooks/01-run-stage-1.md,examples,1430,fb7504d30fa62dae20c9fe1e862ae2b219d3017391bef7f1c25f25b25fa0d3f4
examples/web-application/runbooks/02-run-stage-2.md,examples,1397,a3c999d645b0f57b5b80c50008b226fab0651b9e66d1819ec462f3ee8a9936ed
examples/web-application/runbooks/03-run-stage-3.md,examples,1397,cd0f54d134b4701196b670db3d999ed502defc0f6f11efb77320cacd10f6e08f
examples/web-application/runbooks/04-run-stage-4.md,examples,1408,4176727cb3a43756c14841d11040a55e07b11fe6308d074339b86008df175fec
examples/web-application/source-context/api-and-data-notes.md,examples,542,f515a89c077ce0ebf23949ecb3518e557425b7ea478e9ef5304920d188a8442c
examples/web-application/stage-1-input.md,examples,1061,11f0f49b217e6cddfca2960956c846202f2ba16a375f8f39ab95a2b9a0425d60
examples/web-application/stage-artifact-stubs/stage-1-artifact.stub.md,examples,1276,3a20ab932760ccfd9c6beda81dabfabb37d5504f898343c215ab2b79a36f3a3c
examples/web-application/stage-artifact-stubs/stage-2-artifact.stub.md,examples,1236,1ff36ce56be01026ba0776a014c01a9acb33229c2c73ba3098ac2fb29612d600
examples/web-application/stage-artifact-stubs/stage-3-artifact.stub.md,examples,1251,2933037dac64cb1e090e5ca0a440570b9cb0e423edb796d5403191e279819584
examples/web-application/stage-artifact-stubs/stage-4-artifact.stub.md,examples,1407,b4eb34b08ddf147cb3811d36fb31b84e01d100690bd547ad83676627a41d891a
examples/web-application/traceability/sample-traceability-matrix.csv,examples,568,d10d8c5fa0772b2dfee02b1915264c52208cc3274de1e6c20972ef456c9751b7
manifests/batch-10-summary.json,manifests,1304,feffdd9da57397e3365c39e729844018cde5ac755503df2c64af585c5cedfc95
manifests/batch-11-summary.json,manifests,1248,dd6e8d0c7e5aed1ccf649e665cf8d94894e1fd4043576929d5382c5bf9601998
manifests/batch-12-summary.json,manifests,670,1aeda1ab036328117602938ad1c8e9bb2216819aa73ae25879a7b291795cb953
manifests/batch-13-summary.json,manifests,1151,528774e2dfff196ed69d94edd789d3d527e330a39445ad4a45c254f5e054683a
manifests/batch-2-summary.json,manifests,633,b6d2292c413504b6e9783a242695382b55dd3b99a573124dbd511e36c7693579
manifests/batch-3-summary.json,manifests,457,bba1faaf2790e4897463f31e11c274ed71b181bb72c96698f884cc28d1c4b2b4
manifests/batch-4-summary.json,manifests,440,fe526c86b8f9fb60d69c4186317139373620c076270de06ce4f9e6a85e41a507
manifests/batch-5-summary.json,manifests,1159,278234eb38e04805ea93385cbea675d64a31b581a869faf13e4a406726b4b19d
manifests/batch-6-summary.json,manifests,595,de115447f3ddd237ed1beb352601ce95d9f55cda5ce32635cd013430113960fe
manifests/batch-7-summary.json,manifests,917,7c9a329222c08bfcee8f5995bf385d03aa41b45b897af6a6f1ce7e28e51e36fb
manifests/batch-8-summary.json,manifests,832,d8c9b7f6517d026db9ee9414cfcccfe8182da281f0904af069a1b0e1072768eb
manifests/batch-9-summary.json,manifests,1213,beda5baf463f11b720699b7640761a522e2c36fbc8791a553c4ad2d576c5fd4d
manifests/final-release-checklist.csv,manifests,885,37e1f009991e693af29d7f2531e42936c8667ec2c0b674aeae1bdf281f400a23
manifests/final-release-summary.json,manifests,1592,fc923b0189a00fc345c53f673ba690ed0dbe44fb7db8c189dc607291547f9448
manifests/final-v1.0.0-publication-audit.json,manifests,933,28b729c11f381229c30383a796ee871a7af02898676205033bd0866fb097c3cc
pipeline.configuration.yaml,root,4130,1228dc574836b2c55fbe20cfd06df25a0a122638499a795a7966d387288d56fd
repository-metadata.yaml,root,3307,fc86207ddbad61e2f9034af0a4328d7f18c11c013fb449ae1855457d0a72ed32
requirements.txt,root,17,195d92b82f91999cc32a0a29cf4f1969d11a2d4dac95317dd6cad57b61e1add0
schemas/README.md,schemas,437,c041ee733d63c831fcb2c45b4a764d4d43bc70559daa4a80e0ba0e67ba9a8bbc
schemas/artifact-manifest.schema.md,schemas,353,b680cbf645232e295ec50b76e672d110efcaad83c0d069f38316ee89cdf23e1d
schemas/decision-ledger.schema.md,schemas,454,5f72af04989ece2af1cc9c577be31915d311dd064992f35fb1ef175e438bf879
schemas/document-tree.schema.md,schemas,331,7d0d7c9bbeb4d2712a62c48b4279ea1afde569d32e2a451f9909ece5f45f20f1
schemas/handoff-packet.schema.md,schemas,347,5f69107c39a32f4eca1afc28cf3cebdd4db62d7ccdc3a4f06a58d00cdbe3fb34
schemas/machine-readable-companion.schema.md,schemas,211,16779bc0d6e2cb73bebdf48244651b440d8af3d7488dd49e74b25e7f4716010e
schemas/stage-1-configuration.schema.yaml,schemas,3354,5c55e5ffce995605eb91261b0a33718078d1660ae56f2b3ae5d21da60902f199
schemas/stage-2-configuration.schema.yaml,schemas,3374,221fe060f338d341be92f28b7414d182f18e4c37fe0f69efa9d4a6d281dea163
schemas/stage-3-configuration.schema.yaml,schemas,3373,07db7e6f2a00c63a1dc7353042e33cb10e58e78d9f3f1a62865bbb8c48f86b70
schemas/stage-4-configuration.schema.yaml,schemas,3371,d5c91f8008e08baedecfd18706f1d58e2e2b7ece2e58d1ddde969ab5b467dd20
schemas/traceability-matrix.schema.md,schemas,176,73cdea515e2f1db0537d6d9b6ba232de46669c5e995de2b2cc1e72cc91e1a930
shared/README.md,shared,604,e40ffa42343996bc44e84f1e01cec0a27ee43d848f6325fb5fe5388385365adc
shared/Shared-Artifact-Boundary-Markup.md,shared,1102,e0cb7a70e66fffd3373b137e945974b04b52f3ecaadc7c21f88cd5496daad3c0
shared/Shared-Configuration-Priority-Rules.md,shared,1947,ca08c59db926adf77cd5cafd3ca58218b1df688d8ac1890952abe8a858f35453
shared/Shared-Controlled-Vocabularies.md,shared,5828,8ab70f3e3951543b981c60cf587e7d34462544a308135a42b046bf42e547b695
shared/Shared-Decision-Ledger-Schema.md,shared,1573,bcd282f1841cc13b94c391c900cab928f7161f4b71ca0a301387cf9c680a42e2
shared/Shared-Definitions.md,shared,5515,96e2318aeee591ea29697434bd664b9f07706dc8a5946bd9fac3894299b41677
shared/Shared-Document-Header-Template.md,shared,2215,750bbafbf1882dc116ae665854e09b4f2de6b20b9ffa29664037399249279104
shared/Shared-Hidden-Decision-Scan-Schema.md,shared,699,7a866f56b5ba434261c27a3c8c209f25384ca1cbad476bb15801781360cb6b71
shared/Shared-ID-Namespace.md,shared,2866,d182ad36fe9e21184d296a9a9efe6b03bcd9c01e5c3087a22e814c104d7f11ae
shared/Shared-Machine-Readable-Companion-Rules.md,shared,1254,babffe9eb9cc0f6d7a5a21bebc3e802a569035fff1fc584f3c57ecd534df3270
shared/Shared-Traceability-Rules.md,shared,1351,d6ff9f96d57e2a66e82d680a0e35003ff9a09199b427591457444f8ab70ef3e3
stage-1-design-specification/README.md,stage-1-design-specification,667,6eedd7544d3a66e899929963ab9ad641023f1083c636fb4635940cfda82298bf
stage-1-design-specification/Stage-1-Overview.md,stage-1-design-specification,1456,f9a79e12313e1b26deb175b697f1af753a7459cbe4a0fbf1a8040629db38e0d6
stage-1-design-specification/Stage-1-Shared-Rules.md,stage-1-design-specification,1248,75376dc2abf55abeb7e55b5c8aa921cf442a16aa9253a85395d515bf94e5c226
stage-1-design-specification/companion-data/.gitkeep,stage-1-design-specification,0,e3b0c44298fc1c149afbf4c8996fb92427ae41e4649b934ca495991b7852b855
stage-1-design-specification/prompts/README.md,stage-1-design-specification,703,9645676526d9d6dafeb9a6cbc64677b2668348e873cb1b2def6215837cfee6c3
stage-1-design-specification/prompts/Stage-1-Prompt-1-No-Questions-Full-AI-Design-Fabrication.md,stage-1-design-specification,24914,9c3ca64967af4cff7014061c878a22b51d5134c6089316bf282d17e213c76f1f
stage-1-design-specification/prompts/Stage-1-Prompt-2-Low-Stakes-Design-Interview.md,stage-1-design-specification,25925,bb2976d2ae60c1891b9163e0929517923f8a9ee06fa279ec8235aa0df531cbee
stage-1-design-specification/prompts/Stage-1-Prompt-3-Medium-Stakes-Design-Interview.md,stage-1-design-specification,26056,32e174ce5bd33fdfe5d685cad006cd732c7e96456e6aaa047ead3c57ee585cfe
stage-1-design-specification/prompts/Stage-1-Prompt-4-High-Stakes-Design-Interview.md,stage-1-design-specification,26046,7a99dc5fbb170a244ec8c5d065e7ce6b7a1b94e62c38626c127a4be8425d1fff
stage-2-execution-planning/README.md,stage-2-execution-planning,670,a21002f5e960293057a70404826c1aad19c8a36a05bb69db56e1c752abdcaf0c
stage-2-execution-planning/Stage-2-Overview.md,stage-2-execution-planning,1423,eade3f5ada8b679bfe46bc7566031d0c11dc351ac0a9858dd6026f4318fb2fe4
stage-2-execution-planning/Stage-2-Shared-Rules.md,stage-2-execution-planning,1253,9bf0831b44f3fac1b9f3aba2567e3090655d93182f523b462a8ad47c768d2f64
stage-2-execution-planning/companion-data/.gitkeep,stage-2-execution-planning,0,e3b0c44298fc1c149afbf4c8996fb92427ae41e4649b934ca495991b7852b855
stage-2-execution-planning/prompts/README.md,stage-2-execution-planning,726,df4f5f913922090d72806936d3430c075a1f1efe1d53df1156a79ed6e5887aa4
stage-2-execution-planning/prompts/Stage-2-Prompt-1-No-Questions-Full-AI-Execution-Planning.md,stage-2-execution-planning,23089,c0c19424b213c7843d398bd53b66ac0a4682ec0c520dcdb9332193d363f4675c
stage-2-execution-planning/prompts/Stage-2-Prompt-2-Low-Stakes-Execution-Interview.md,stage-2-execution-planning,24189,25defbfa479595e21f95a5c76f738fd02a3057fe265a19a0fc8c662fd36f4343
stage-2-execution-planning/prompts/Stage-2-Prompt-3-Medium-Stakes-Execution-Interview.md,stage-2-execution-planning,24308,b6a0e925f8dc1a4985cfe360e9fa04431c8633d46d4dbed4f6af8755292357ba
stage-2-execution-planning/prompts/Stage-2-Prompt-4-High-Stakes-Execution-Interview.md,stage-2-execution-planning,24303,207a8906a9b8fd79e5f02e606d2e66ceb1948f99fd6a660b4f48ec0ab6ea7ace
stage-3-fabrication/README.md,stage-3-fabrication,420,c17b23b2f1a842b59e1490458688a9ec34b775c4ac730183a9d95bb5658f0b97
stage-3-fabrication/Stage-3-Overview.md,stage-3-fabrication,2004,b638a9b569a91077a891f13dd45c47b9d4464fdc9f686a260200a4eb77eb8acb
stage-3-fabrication/Stage-3-Shared-Rules.md,stage-3-fabrication,1908,37ecfe1a1b9d735d87b432f014d9c8d5995dcf2ef03268fe1b826304cefcb84c
stage-3-fabrication/companion-data/.gitkeep,stage-3-fabrication,0,e3b0c44298fc1c149afbf4c8996fb92427ae41e4649b934ca495991b7852b855
stage-3-fabrication/prompts/README.md,stage-3-fabrication,736,7698cb96f0cb5438d2daed73d141e3d13971aab80651c4e152443b1953b89c97
stage-3-fabrication/prompts/Stage-3-Prompt-1-No-Questions-Full-AI-Fabrication.md,stage-3-fabrication,32931,2e9ef99dae6c0c6abefafd35ce810c9b8126da25b1650d5ceeabae9e90dbeb21
stage-3-fabrication/prompts/Stage-3-Prompt-2-Low-Stakes-Fabrication-Interview.md,stage-3-fabrication,33155,2af265b6df3516835a198714fb030c240b6e1df9da79d5eac3f5d6e18cdb567b
stage-3-fabrication/prompts/Stage-3-Prompt-3-Medium-Stakes-Fabrication-Interview.md,stage-3-fabrication,33048,e738760bdf289e80cbdb65d7850368bc7f23ae6983f55c8cb6cd9cfed11ea5c8
stage-3-fabrication/prompts/Stage-3-Prompt-4-High-Stakes-Fabrication-Interview.md,stage-3-fabrication,33219,7eac9d5bec8e17e5b5d5964dd6b721dd98c4512ff8b73192bb9f9cd9fc9dcf43
stage-4-validation-packaging/README.md,stage-4-validation-packaging,495,0595afd8ef5dafafe69e517317b8cd0cf2c6e83e80771facb620b84753879c49
stage-4-validation-packaging/Stage-4-Overview.md,stage-4-validation-packaging,1905,5400442eb30e487400cc935c3dddb4300cf958f5a1021126169e9701abda76c0
stage-4-validation-packaging/Stage-4-Shared-Rules.md,stage-4-validation-packaging,2031,aa2e3594531a035861882b0ea2c6cc49eca67b05b825b3ecf7df0e842f028344
stage-4-validation-packaging/companion-data/.gitkeep,stage-4-validation-packaging,0,e3b0c44298fc1c149afbf4c8996fb92427ae41e4649b934ca495991b7852b855
stage-4-validation-packaging/prompts/README.md,stage-4-validation-packaging,807,1cdf5421c50dda1fa6586ef9fe80283a27a7613ae6ef2edd12ecee8fee127cbd
stage-4-validation-packaging/prompts/Stage-4-Prompt-1-No-Questions-Full-AI-Validation-Packaging.md,stage-4-validation-packaging,32596,2aade454459deb4897010ef31b3e3a5f8586d0d061b977f07dc530555d4a30b0
stage-4-validation-packaging/prompts/Stage-4-Prompt-2-Low-Stakes-Finalization-Interview.md,stage-4-validation-packaging,32806,1736b08fc592b05c086f3f2141cab94bfd85f186617c88067ef445a8c614844d
stage-4-validation-packaging/prompts/Stage-4-Prompt-3-Medium-Stakes-Finalization-Interview.md,stage-4-validation-packaging,32950,54e35581ab8b4d1a4a6295f9224f7ec5e6e1e3c20aaa3b284de5c6eb803bbe90
stage-4-validation-packaging/prompts/Stage-4-Prompt-4-High-Stakes-Finalization-Interview.md,stage-4-validation-packaging,33084,1cb00a284ebeed264f652817986cf6ebd9e859f6cbc60c33d78eab196fb82287
tools/README.md,tools,2802,1b4141c536edda884a28078cbfe6ecd1e54af69eeaa7d0e4953189a61c34ae0c
tools/_deterministic.py,tools,417,27ffb866819af3965c825e419d9bbd1497adb4d519a1e94dc53837a4e305239a
tools/build-manifest.py,tools,2177,135c9f57e63f13808bfc138736653d7b4c67500b478e3fc4cbb84da5ffa776c2
tools/build-release-manifest.py,tools,3371,04aa9ff3bb8b2d6171df3da4c4f15e393b2a229a86677a448b523bc4869f4992
tools/run-all-checks.py,tools,3426,8aa41a03e7f030cee9e99099e647ad01bafaa2a0519eeba07742af9f10ab68f5
tools/validate-artifact-boundaries.py,tools,5407,05d9910189b205ac6d94686eaffa2b88e495c63e4e7876918bd2c4df6a6cd48b
tools/validate-configurations.py,tools,5504,0ec8051f1ce1617d15e9f1cdff0ef3b1627b97ac986e1fb49c435f6dd87e550d
tools/validate-controlled-vocabularies.py,tools,3992,e5ab760c8cbb18364a7491b7076f0c82dcbf0a1b46306f4ea18abfc85ce96e21
tools/validate-decision-ledgers.py,tools,533,83a2859b534f77d722853e99f1e9afe8a2dde2130f5883a13d28c842e057c448
tools/validate-examples.py,tools,5655,cd9f57b3f09ab5971a732434b86a1fb2876765b9cb04d99266bbf5650c8d0bcb
tools/validate-final-publication-recut.py,tools,2631,eca3188a614f91987f2e45b7acf7f1d121686daa48b011ef7823dc2a1936cda4
tools/validate-github-readiness.py,tools,1808,2468f6aa16efd8b2ee9178b0d734fe3b0f48a1310e4dbc099b63d896359cb8d5
tools/validate-machine-readable-companions.py,tools,452,32ecf008babfe14682f43de42b3b851855293e86637476e6491e69df036e38e8
tools/validate-markdown-links.py,tools,1136,2efd47a71c08a851b78d4f56d3a7c3820ff5e83e2cb2c4dff55a29b1e2b87553
tools/validate-package-structure.py,tools,7010,71fa4530ce34be4f684d0ca59a887eb2ea354c65a84cb09928cde582972b87cb
tools/validate-profile-depth.py,tools,3436,9d8fa02a8d51970435325082b9d3743dd0f076cd4f65aa45ad9517736e9f23d5
tools/validate-prompt-files.py,tools,4416,78501ff534e7142544e06454ebd8bfbbde9c97d6a31493e8b114549124a9e28a
tools/validate-publication-polish.py,tools,3260,459df8ae1200319a37fa4b25a8a6b993c81567c0e7a0acf107ceac4b01cc9b16
tools/validate-release-readiness.py,tools,2997,58c994ad9f91a9d11bf834c490b2d6c8a9a467d2bcf198e220159419760b5a16
tools/validate-schemas.py,tools,1284,dee4b761d00dbb01984c930e1c5b803dea1e713b572eb8c47c9e32555c25dd83
tools/validate-semantic-consistency.py,tools,3647,0e7f7f5aa6f9443310397714c1033a0a12279de462834b525a312499d6380d17
tools/validate-validation-scope.py,tools,2577,a416a05a3a1d359c84832246a0bb4d2d84fb1e1d61d383448224ecb3aa703e65
